Channel,Year,Month,Sessions,Engaged sessions,Engagement rate,Average engagement time per session,Events per session,Event count,Key events,Total revenue
Direct,2022,May,114686,57415,0.5223951715357142,86.89416752857143,9.163712702249999,1019490,1486,221493.95
Organic Search,2022,May,124467,87154,0.7025677086428572,124.6236572107143,11.306114491428572,1403767,1591,230027.72
Organic Shopping,2022,May,322,198,0.6298032532857143,85.33739976439286,12.219028256642858,3944,57,8731.31
Organic Social,2022,May,19166,11862,0.6201225556071428,72.7653802075,8.069038027071429,154276,57,7735.51
Organic Video,2022,May,258,158,0.6408863575,101.73569622085714,11.149795547321428,2700,1,76.79
Paid Other,2022,May,9,4,0.35714285714285715,17.214285714285715,4.714285714285714,50,0,0.0
Paid Search,2022,May,105480,78351,0.7452068495714286,155.32648644642856,12.34146554607143,1297667,1900,295522.55
Paid Shopping,2022,May,947,573,0.6078948632857142,95.27472780392858,7.860947346392857,7556,9,1566.15
Direct,2022,June,114188,57617,0.5147602406,83.33400137066666,8.910830967,1002905,1505,242453.1
Organic Search,2022,June,148130,102576,0.6926261447333334,125.38059462,11.367305648333334,1682680,2049,300341.69
Organic Shopping,2022,June,1503,574,0.43507266093333335,50.64280057933333,8.187714388366667,10937,72,10579.58
Organic Social,2022,June,25075,16820,0.6700140008333334,76.70378789166666,8.511648393533333,213865,106,21067.37
Organic Video,2022,June,386,245,0.6392445710000001,118.00091194459999,11.555280571233334,4249,5,399.8
Paid Other,2022,June,1,0,0.0,4.0,4.0,4,0,0.0
Paid Search,2022,June,129777,94841,0.730674402,152.15214239333332,12.109414758666667,1571504,2398,383586.27
Paid Shopping,2022,June,1146,650,0.5310241759333334,100.654831192,8.724919208533333,10035,12,2160.79
Cross-network,2022,July,2,0,0.0,0.0,4.0,8,0,0.0
Direct,2022,July,112748,59571,0.5279166155483871,85.56860360870967,9.085282523225807,1022038,1707,267126.04
Organic Search,2022,July,153759,105269,0.6844877863548388,122.11861927419355,11.184308933612902,1715436,2085,310088.2
Organic Shopping,2022,July,2210,904,0.4051188757096774,41.564763142258066,7.059777315129032,15625,76,11380.6
Organic Social,2022,July,23840,15265,0.6448300788709678,71.29786269129033,8.426894587580646,199292,117,19249.67
Organic Video,2022,July,778,574,0.7061726170967743,141.43512432999998,10.719133067935484,8148,2,319.14
Paid Other,2022,July,9,6,0.5714285714285714,94.14285714285714,6.214285714285714,61,0,0.0
Paid Search,2022,July,129089,95336,0.7384422289032258,155.71078152580645,12.317175000322582,1589999,2494,400072.19
Paid Shopping,2022,July,13572,8629,0.6343560573548388,76.94657927677419,8.171139165258063,109712,148,23761.24
Cross-network,2022,August,5542,3641,0.6236011319285714,112.14920602142857,7.877777633285715,43744,67,12566.27
Direct,2022,August,97502,48516,0.5070717222692308,85.49334270846154,8.163007546346154,785754,1404,229231.78
Organic Search,2022,August,138167,94568,0.6845386453076923,123.26509056538461,10.053772962076922,1388483,1949,298686.1
Organic Shopping,2022,August,2322,950,0.41073624203846154,45.379399234615384,6.237163285653846,14536,61,8041.48
Organic Social,2022,August,21041,13183,0.6279980573076924,66.99090297538461,7.3024521323076925,153347,78,15981.58
Organic Video,2022,August,634,421,0.662984575576923,94.1909672876923,7.981299513269231,5152,5,682.7
Paid Other,2022,August,2,1,0.5,312.5,47.0,94,0,0.0
Paid Search,2022,August,104302,77838,0.7465701126538461,162.72239101153843,11.530725447692307,1202227,1972,319478.46
Paid Shopping,2022,August,16238,9993,0.5774796861153846,82.23421819730768,7.293761236846153,120106,220,39999.32
Cross-network,2022,September,23853,14518,0.6132302198,79.05995841333333,6.885976287099999,158758,228,39545.8
Direct,2022,September,137214,65045,0.4823592586666667,75.44402349133334,7.2666103063,959428,1664,261168.39
Organic Search,2022,September,201141,132644,0.6684697561333334,106.60236927033334,8.7056532396,1626650,2123,306204.33
Organic Shopping,2022,September,3323,1275,0.38530645353333337,40.30820154766666,5.772341905933333,18534,43,5507.53
Organic Social,2022,September,31601,15921,0.5323683316,55.746940527,6.2762162902666665,186258,136,16126.07
Organic Video,2022,September,1056,605,0.5907935487666667,79.755049267,6.9647253833,7002,4,904.4399999999999
Paid Other,2022,September,15,7,0.4814814814444444,33.787037037,4.935185185222222,73,0,0.0
Paid Search,2022,September,154348,110456,0.7253046005666667,138.763782489,9.825829273533333,1412230,2245,359813.65
Paid Shopping,2022,September,3023,1653,0.5355434034333334,82.92526147233333,6.638057101066667,20513,36,5087.98
Cross-network,2022,October,16375,9894,0.5392451115483871,60.83144587645162,5.955968089645161,95733,86,16014.789999999999
Direct,2022,October,175312,78552,0.4490069246774194,59.42796952451613,6.134722345483871,1072767,1639,247406.43
Organic Search,2022,October,295051,187095,0.6343134357741935,71.7364479667742,6.444472305290323,1895842,2140,320152.06
Organic Shopping,2022,October,2953,1067,0.3512284652580645,30.364535996096773,5.070475912225807,14792,70,9930.11
Organic Social,2022,October,39047,19665,0.505836665483871,44.71904156645161,5.445799304612903,213926,116,12242.59
Organic Video,2022,October,1087,657,0.5996955956129032,63.04496865322581,5.903473559387097,6350,1,54.2
Paid Other,2022,October,8,6,0.6666666666666666,83.16666666666667,6.666666666666667,74,0,0.0
Paid Search,2022,October,234858,161738,0.688992076967742,90.42413789064516,7.097820030774193,1664151,2331,358900.44
Paid Shopping,2022,October,1245,621,0.39823931467741935,51.55599848983871,5.462168858935484,7356,13,2080.67
Cross-network,2022,November,29192,18190,0.6210329984,70.63851093766667,6.141817060799999,178586,168,30487.46
Direct,2022,November,195484,88781,0.4522588804666666,58.315647528333336,6.203306637566667,1218729,2178,335802.68
Organic Search,2022,November,297819,187913,0.6309691306666667,70.28543195799999,6.4518633985,1921859,2434,375072.04
Organic Shopping,2022,November,2453,759,0.30601908516666665,31.304974619666666,4.742500730066666,11555,39,5850.7699999999995
Organic Social,2022,November,69887,34893,0.5127443583333333,46.770076195,5.487048801033334,381752,240,31912.69
Organic Video,2022,November,1508,884,0.5987587166333334,71.836391529,5.9752779188666665,8617,5,798.86
Paid Other,2022,November,17,7,0.2777777778333333,8.092592593333334,3.592592592666667,68,0,0.0
Paid Search,2022,November,245009,167625,0.684142174,99.16058165866666,7.202836460033334,1766026,2571,419716.35
Paid Shopping,2022,November,310,39,0.09122184376666667,9.0191563492,3.3545541943,1098,2,404.11
Cross-network,2022,December,30363,18794,0.6197714329032258,66.44249828612904,6.0120060189677424,182024,175,30452.29
Direct,2022,December,177155,82068,0.4704660545483871,59.37621885354839,6.241138007290322,1094005,1789,271797.48
Organic Search,2022,December,280737,175064,0.6249053398064517,69.80757305354838,6.454291781612904,1805394,2131,313074.47
Organic Shopping,2022,December,2776,646,0.22883474622580646,23.397854335612905,4.312911315064516,12030,23,3533.68
Organic Social,2022,December,55544,27522,0.4978955023225807,43.45376582419355,5.350599941516129,296850,147,21647.74
Organic Video,2022,December,1424,827,0.6104954039677419,70.63689384129032,6.239401188806451,8469,2,396.75
Paid Other,2022,December,5,2,0.3333333333333333,29.5,4.0,21,0,0.0
Paid Search,2022,December,232257,158082,0.6809782504516129,89.09489284193549,7.202244308548387,1670477,2229,363360.61
Paid Shopping,2022,December,218,15,0.05503367603225806,2.318228366612903,3.1353145062580645,688,0,0.0
Cross-network,2023,January,42676,26800,0.6293599326451613,63.85249833645161,5.943679959645161,252484,162,30477.72
Direct,2023,January,211812,94888,0.44910092912903227,55.48941580612903,6.059972501774193,1278623,1582,251885.2
Organic Search,2023,January,312976,197160,0.6302530804516129,71.54868682774195,6.426770038451613,2006886,1932,298625.46
Organic Shopping,2023,January,5270,1911,0.34472176332258064,31.672870316225808,4.928222551612903,26841,278,44192.97
Organic Social,2023,January,43055,24812,0.5887790486129032,49.72312583225806,5.962012277806451,249115,90,12606.79
Organic Video,2023,January,1404,869,0.6156362286774194,74.30056765,6.700166835161291,9237,3,543.2
Paid Search,2023,January,260484,178797,0.6866483316129033,87.49106015290322,7.255827260677419,1887584,2156,356789.2
Paid Shopping,2023,January,239,16,0.04747242006451612,7.387815947419354,3.3753537680967742,839,0,0.0
Cross-network,2023,February,36733,22752,0.6171144448571428,62.3581961,5.978944222821428,219484,146,27227.27
Direct,2023,February,202677,90408,0.45348814846428576,55.957364958214285,6.254844122000001,1255613,1530,235219.58
Organic Search,2023,February,304024,194804,0.6405834784285714,69.89352044785714,6.506649158499999,1975331,1995,314348.31
Organic Shopping,2023,February,7398,3152,0.4254891330357143,40.0092346825,5.499813761964285,40788,452,71528.36
Organic Social,2023,February,32185,18347,0.6031976703214286,52.79169401035715,6.542602013285714,206490,74,9206.49
Organic Video,2023,February,1539,964,0.6229430684999999,82.28945807571428,6.692428719464286,10160,3,460.35
Paid Other,2023,February,56,3,0.03409090909090909,0.7386363636363636,3.034090909090909,171,0,0.0
Paid Search,2023,February,240260,164820,0.6861502150357143,89.37511154857144,7.395911411178572,1774105,2027,331381.14
Paid Shopping,2023,February,208,25,0.07025117739285715,5.608577533107143,3.2333104395714285,713,0,0.0
Cross-network,2023,March,48571,29875,0.6160372605483871,60.705294516774195,5.879789676225807,284463,189,36969.95
Direct,2023,March,221092,97992,0.44311800683870967,53.008454508387096,6.004225505967742,1324902,1729,289280.45
Organic Search,2023,March,342665,215491,0.6287794953870968,68.00213783129033,6.334770518258065,2168169,2112,336314.42
Organic Shopping,2023,March,8224,3302,0.40152588061290323,37.61348833645161,5.31532456332258,43653,502,84312.92
Organic Social,2023,March,54940,27194,0.49302280961290323,42.77181786709678,5.891233679354838,322583,126,16583.39
Organic Video,2023,March,2784,1570,0.555999771516129,56.954272236129036,5.771200332322581,15766,5,1068.64
Paid Other,2023,March,1908,128,0.06391334122580646,3.017900751354839,3.089830724032258,5901,0,0.0
Paid Search,2023,March,258339,176894,0.6851931415483871,87.20193522451613,7.134260001967742,1839670,2276,391317.04
Paid Shopping,2023,March,110,4,0.03064516129032258,7.85,3.4102150537741935,388,0,0.0
Cross-network,2023,April,30481,19792,0.6545794082333334,83.25037112133333,7.468462232899999,220377,185,37041.03
Direct,2023,April,184064,95052,0.5153790826666667,83.49734309866668,7.814094774866667,1424877,2204,375639.54
Organic Search,2023,April,165270,106361,0.6467855224333333,96.553863476,8.384279106033334,1339425,1635,264392.46
Organic Shopping,2023,April,4933,1996,0.40329298906666666,42.468448179333336,5.627433806466667,27849,147,24438.42
Organic Social,2023,April,21071,11626,0.5760837937000001,57.464907673666666,6.863888721966666,136788,67,10189.46
Organic Video,2023,April,1383,796,0.5965821178666667,101.683335836,8.9029663956,11361,10,1715.54
Paid Other,2023,April,702,70,0.11219349543333333,4.122479149966667,3.2079071108666666,2241,0,0.0
Paid Search,2023,April,122366,86610,0.7097978498666666,129.26613995099999,9.9996501908,1175180,1812,316443.89
Paid Shopping,2023,April,44,8,0.16477272727272727,21.712121212272727,4.6647727272727275,225,1,190.0
Cross-network,2023,May,32091,21248,0.6615428739354839,87.31418013483871,7.657026175483871,244372,241,42945.14
Direct,2023,May,200274,108724,0.5442913073870969,87.88319515354839,7.964251476516129,1589631,2488,401287.0
Organic Search,2023,May,173397,111802,0.6449251482580645,96.26853624741936,8.33435815932258,1443437,1851,296121.54
Organic Shopping,2023,May,3135,1030,0.32161332183870966,25.807021939290323,4.264613693290323,13571,21,3375.4300000000003
Organic Social,2023,May,13131,8489,0.6524974538709677,65.35645904580645,7.330432934258064,97090,53,9021.15
Organic Video,2023,May,1282,739,0.5790580397741936,96.65242133387098,7.550963228032258,9638,6,1171.39
Paid Other,2023,May,59,12,0.17424242420833333,4.452876984125,3.297619047625,199,0,0.0
Paid Search,2023,May,109638,77422,0.706242397483871,136.07524033870968,10.250138846225806,1123455,1818,311876.28
Paid Shopping,2023,May,28,6,0.16176470588235295,27.774509805882353,3.5441176470588234,99,0,0.0
Cross-network,2023,June,27702,18670,0.6737888237333334,87.04001673233333,7.766482468433334,214854,216,39605.27
Direct,2023,June,202097,101544,0.5060048041,81.280018082,7.7314579195,1555023,2392,383035.1
Organic Search,2023,June,159814,103348,0.6466264498333333,100.85706729033333,8.370357285333334,1336982,1604,253892.75
Organic Shopping,2023,June,2510,532,0.2149997535,21.143971291833335,4.2137847451,10557,11,2363.44
Organic Social,2023,June,13498,9430,0.6936763112333334,69.46691673333333,7.630462511666667,103020,74,10166.38
Organic Video,2023,June,1105,667,0.5801550645,87.54489350666667,7.8622515881999995,8588,5,529.64
Paid Other,2023,June,36,4,0.04666666665,1.9699999998499997,3.08,114,0,0.0
Paid Search,2023,June,100735,70588,0.7008914559,132.86538593333333,10.165937475533333,1022811,1643,280688.95
Paid Shopping,2023,June,21,6,0.30952380949999997,29.678571428571427,4.0595238095,82,0,0.0
Cross-network,2023,July,28615,19328,0.6730478012903226,88.96391171806452,9.442425258322581,274381,266,46016.58
Direct,2023,July,198585,100001,0.5057264408709677,83.26550395741936,8.976079086612904,1787532,2332,382470.71
Organic Search,2023,July,172334,112243,0.6517266559354838,93.93957901419354,9.674004743677418,1672209,1829,285173.7
Organic Shopping,2023,July,2080,473,0.22887088067741937,20.345396314096774,4.892063061516129,10100,8,1341.02
Organic Social,2023,July,12080,8389,0.6930211864516129,70.02754861096774,8.97018497980645,109311,55,8466.58
Organic Video,2023,July,1569,1036,0.6486379688709678,80.8866189483871,9.133786542516129,13808,4,953.3399999999999
Paid Other,2023,July,74,9,0.08678160915,1.40833333335,3.7477011494,281,0,0.0
Paid Search,2023,July,108887,77061,0.7081347178387097,131.42553588709677,11.845396042032258,1293900,1831,311508.15
Paid Shopping,2023,July,419,264,0.5321088676,100.9999041456,6.514751103040001,3482,1,97.79
Cross-network,2023,August,34217,23290,0.6798254253870968,87.2360018864516,10.04526303548387,343314,302,50909.340000000004
Direct,2023,August,225179,110206,0.48879191506451614,77.41221277903226,9.407349912387096,2116582,2870,464631.2
Organic Search,2023,August,189720,124227,0.6549680066129032,96.18157803290323,10.484647516387097,1987725,2263,348505.59
Organic Shopping,2023,August,2693,573,0.21434431838709678,16.985143521387094,5.0316110495483874,13526,7,754.21
Organic Social,2023,August,15825,10881,0.7111421153548387,68.56518527612903,9.685597416032257,146063,111,17163.82
Organic Video,2023,August,1676,977,0.5933138439354838,96.79555677580645,9.637093323225807,15333,12,1565.02
Paid Other,2023,August,716,127,0.19629939667741936,10.530003366387097,4.392828924548387,3144,0,0.0
Paid Search,2023,August,132820,93487,0.7043826785483871,125.0311960967742,12.438685282258065,1648033,2160,361281.2
Paid Shopping,2023,August,1400,903,0.707825221,101.2741385916129,10.238475001741936,13682,9,1423.57
Cross-network,2023,September,34734,24016,0.6907720978,89.92086690800001,10.797751329866665,373444,388,61138.87
Direct,2023,September,198577,94788,0.4815449563666666,77.58647968533333,10.1156694358,1974701,2680,434379.61
Organic Search,2023,September,173707,115034,0.6623034108666667,96.61810902966666,11.100536494933333,1926975,2297,345551.63
Organic Shopping,2023,September,3305,615,0.20733598993333333,17.8689375326,5.3234308120666665,16983,11,1447.88
Organic Social,2023,September,5879,3931,0.6633483920666666,73.15155931966666,10.1194756322,57969,30,4435.03
Organic Video,2023,September,1148,675,0.5857712021666667,83.997888304,10.364612483133333,11933,7,1352.01
Paid Other,2023,September,344,47,0.1810439044,17.061841323333333,5.3729523852,1639,0,0.0
Paid Search,2023,September,116137,82855,0.7133772842,128.64250440333333,13.186904914,1529990,2175,345321.25
Paid Shopping,2023,September,9030,4922,0.5440705840666666,48.820201127000004,8.034184504733334,70580,25,3585.22
Cross-network,2023,October,40447,26631,0.6555983113548387,89.44651688677419,13.295261818709676,532060,491,83289.71
Direct,2023,October,196768,104127,0.5398817658064516,80.66684482709677,12.320059251903226,2364783,2925,461010.9
Organic Search,2023,October,214565,137304,0.6399039616774194,93.72561376483871,13.47596195,2896169,2640,399511.37
Organic Shopping,2023,October,2863,684,0.30241131796774195,27.770910175096773,7.005660516774193,17403,6,905.56
Organic Social,2023,October,8078,5415,0.6554281516774194,74.40509921580644,13.113583164193548,105790,51,8864.23
Organic Video,2023,October,820,514,0.6353892364838709,89.94431170419355,12.435726440096776,10341,13,2481.7799999999997
Paid Other,2023,October,97,52,0.30870439076190476,35.602937544142854,7.337894248380952,1276,2,106.48
Paid Search,2023,October,147399,101784,0.6852631951935484,124.06058727096773,16.110315608064514,2374830,2733,458895.7
Paid Shopping,2023,October,9962,5549,0.5658707731290322,56.29740715225807,10.351311528129033,101381,36,5120.2300000000005
Cross-network,2023,November,42466,28934,0.6804609687333334,90.96488472166668,12.475489349666667,530483,476,80033.88
Direct,2023,November,207632,111441,0.5406755821333333,81.99922420066667,11.877602036666667,2466112,3456,549566.91
Organic Search,2023,November,212313,138150,0.6505107267333333,93.74964664766667,12.789374101333333,2716410,2620,394630.87
Organic Shopping,2023,November,4135,803,0.19440017303333335,17.324162368933333,5.273499997366667,21867,12,1082.83
Organic Social,2023,November,14233,9889,0.6965015674666667,74.94774396266666,12.937546345466666,185540,116,17403.45
Organic Video,2023,November,796,499,0.6369130852,78.76045281233334,11.500713966566668,9145,4,413.47
Paid Other,2023,November,12,1,0.1111111111111111,3.5555555555555554,4.222222222222222,50,0,0.0
Paid Search,2023,November,161818,114450,0.7068169811666666,132.52831683000002,15.837632306,2565799,3171,517422.94
Paid Shopping,2023,November,11809,7291,0.6144086752333333,54.82318445833333,9.564495579966666,113522,33,4046.88
Cross-network,2023,December,33283,22840,0.6848946747419355,98.33863780580644,13.385135464516129,441524,392,68352.37
Direct,2023,December,204450,123558,0.6066680184193549,101.07988845967742,13.710244176451614,2786783,4088,624086.73
Organic Search,2023,December,161568,102327,0.6314697100645161,93.2948546532258,12.427899660645162,1963096,2071,308239.26
Organic Shopping,2023,December,2947,625,0.21040806158064515,20.291702051903226,6.0190167936774195,17165,9,1303.05
Organic Social,2023,December,3442,2282,0.6753896447741935,84.88595159451613,12.945862359161291,41819,33,5071.64
Organic Video,2023,December,482,315,0.6499143448387097,59.97482161019355,11.438015867387097,5609,2,365.5
Paid Other,2023,December,12,2,0.2222222222222222,31.555555555555557,4.388888888888889,50,0,0.0
Paid Search,2023,December,102199,72262,0.7088654269032258,140.42014615161293,16.66682461870968,1681336,2183,361076.52
Paid Shopping,2023,December,4331,2520,0.5813607290967743,54.333405199354836,9.76052601851613,41129,11,1537.54
Cross-network,2024,January,27613,18776,0.6781308260967741,100.86753820903226,13.853862861935484,386296,438,76229.26
Direct,2024,January,226136,150668,0.6659444285161291,115.0624017748387,15.25750378064516,3463013,4783,719981.49
Organic Search,2024,January,144591,93280,0.6446739373225806,98.53356287096774,12.897834563548386,1859511,2104,306736.8
Organic Shopping,2024,January,1784,374,0.21223563819354838,20.467063478580645,5.806566524290322,10204,7,1592.1999999999998
Organic Social,2024,January,4439,3021,0.6722481211612903,82.66699238322582,13.421078382580644,65557,74,8938.03
Organic Video,2024,January,339,232,0.668200331516129,79.96857884096775,12.807247426387097,4487,5,939.46
Paid Search,2024,January,87514,63434,0.7244834072580645,147.65144848387095,17.38993576451613,1525025,2055,351190.54
Paid Shopping,2024,January,3666,2117,0.5795761332258065,54.507037938064514,10.228333635129033,37223,17,2021.76
Cross-network,2024,February,27882,18864,0.6753240124827586,98.39946949448276,13.61911830862069,379895,410,72417.65
Direct,2024,February,253176,133864,0.5369950195172414,92.40532078275862,12.77598759862069,3200214,3874,592279.63
Organic Search,2024,February,176548,115728,0.6555949031034484,92.75489111758621,11.958501032068966,2111441,2082,313778.63
Organic Shopping,2024,February,2118,401,0.1889527132413793,15.02434819310345,5.548156167413793,11662,13,1577.31
Organic Social,2024,February,2592,1742,0.6731089038275863,86.0955392986207,12.896012258379312,33031,25,3137.67
Organic Video,2024,February,353,225,0.6367071146551724,82.45689109999999,14.673466332689655,5004,5,558.29
Paid Other,2024,February,13,3,0.3125,11.5625,4.125,51,0,0.0
Paid Search,2024,February,102637,74891,0.729731061137931,149.29723093448277,17.262416652068968,1770771,2289,384545.6
Paid Shopping,2024,February,3305,1936,0.5835951884827586,52.45189540827587,9.84271952627586,32618,15,1917.75
Cross-network,2024,March,32344,22391,0.6901921486451612,95.45500871129032,13.661526355483872,442513,573,96527.19
Direct,2024,March,334635,96100,0.283279817,46.04968279806452,8.33152605016129,2798966,3719,601684.96
Organic Search,2024,March,218225,144987,0.6640809321290323,94.20457943580645,11.956760831935483,2610207,3404,513674.8
Organic Shopping,2024,March,3613,655,0.18606431358064515,14.112065860193548,5.419998871129032,19644,15,2269.83
Organic Social,2024,March,5792,3999,0.687118719516129,71.81515250290323,11.835270060741935,68441,57,8792.789999999999
Organic Video,2024,March,561,357,0.6503454441935483,87.36783537290323,13.246310004741936,7395,14,1768.69
Paid Search,2024,March,132487,98233,0.7415856612258064,148.26813771612902,17.91433555290323,2369214,4267,769870.42
Paid Shopping,2024,March,6226,3679,0.5935822841612903,50.11371627193549,9.409776057903226,58212,28,3448.62
Cross-network,2024,April,28272,19408,0.6846979713333333,97.79851814633334,13.377542814333333,378829,550,92995.38
Direct,2024,April,247068,69821,0.3239178171,53.18859030033333,8.875858306766666,2022657,3210,528332.25
Organic Search,2024,April,219554,145717,0.6637542541333333,93.44984794366665,11.851897874,2602537,3755,580403.73
Organic Shopping,2024,April,3978,622,0.15821746379999999,14.711714798133332,5.4976146233,21708,25,3212.2400000000002
Organic Social,2024,April,7236,5214,0.7220451633666667,68.44843778666667,12.430353616233333,88630,49,7047.79
Organic Video,2024,April,578,362,0.6286858562666667,98.32938870536667,13.249363835633334,7699,11,1791.22
Paid Other,2024,April,2,0,0.0,0.0,3.0,6,0,0.0
Paid Search,2024,April,129208,95655,0.7404569579333333,145.18850752333336,17.894184527666667,2309714,4342,747830.94
Paid Shopping,2024,April,5917,3646,0.6169358676666667,55.766469213,9.7723418046,57573,45,6756.07
Cross-network,2024,May,19559,13690,0.6956579067741936,95.86111134903226,15.158770408387097,301751,5599,791567.65
Direct,2024,May,234243,104432,0.46959511583870966,71.74435887645161,12.61474123580645,2847383,40082,9091482.59
Organic Search,2024,May,171732,115159,0.6677933209677419,92.04584616645161,13.739630023225807,2386399,38223,15051780.52
Organic Shopping,2024,May,2143,567,0.2645476491935484,17.05444895964516,6.886005562483871,14221,253,30252.75
Organic Social,2024,May,3562,2500,0.6805178089032258,64.21378167548387,13.559975404064517,51031,1063,1368592.27
Organic Video,2024,May,378,242,0.6328304735806453,104.7785076851613,17.07784769435484,6732,104,11989.98
Paid Other,2024,May,454,60,0.22750040993333334,2.2716064863666663,4.799501402166666,2106,37,1590.63
Paid Search,2024,May,99269,73841,0.7420435286129032,140.09377248709677,20.58459294935484,2064243,36483,6547720.15
Paid Shopping,2024,May,4569,2779,0.5928925387741936,45.65022992612903,10.723487343032259,52395,1170,51495.729999999996
Cross-network,2024,June,19961,17297,0.863276787,91.52675504966666,15.536319067333332,310917,189,35595.0
Direct,2024,June,311011,187923,0.6033940590666667,42.69682689766667,9.285738217066667,2770323,2461,471514.06
Organic Search,2024,June,173986,145498,0.8302108710666667,93.11438600233333,13.963666712,2441554,1847,349634.91
Organic Shopping,2024,June,1857,1027,0.5377616993000001,19.55010854176667,7.243097613033333,13382,13,1691.75
Organic Social,2024,June,3857,3126,0.8039340015333334,56.29071148333333,12.510090059766666,47995,18,2919.9300000000003
Organic Video,2024,June,372,303,0.8240725450333334,80.28210519266666,13.786181149399999,5275,4,529.74
Paid Other,2024,June,278,81,0.27685505666666665,1.8745895879999999,4.3498903601666665,1209,0,0.0
Paid Search,2024,June,101445,89425,0.8763196947333333,136.03384309999998,21.580006652,2200541,2277,383861.3
Paid Shopping,2024,June,6487,5373,0.8154280355333333,48.357065401,10.899210912333333,70609,13,922.98
Cross-network,2024,July,20853,18837,0.9037305892580645,87.22124287193547,15.86792576580645,330313,160,30271.85
Direct,2024,July,376457,228585,0.6063785562258065,30.09842897580645,8.068247161258064,3043740,1999,373057.88
Organic Search,2024,July,194749,167887,0.862315158,90.96049255419355,14.216027311612903,2766459,1710,263767.62
Organic Shopping,2024,July,3419,2565,0.7489396415483871,14.039445040483871,6.778081692516129,22835,1,37.25
Organic Social,2024,July,4034,3496,0.8674193071290323,62.01865812,13.888843061935484,55625,17,1772.66
Organic Video,2024,July,393,337,0.8610250301612903,75.52992069741934,14.553278011741936,5986,3,317.75
Paid Other,2024,July,180,80,0.7172983077727273,35.21662928131818,9.721052735272728,1361,1,0.0
Paid Search,2024,July,118945,108371,0.9117231788064516,140.26479234516128,21.996874599032257,2605122,2272,429917.83
Paid Shopping,2024,July,6360,5530,0.869404277516129,45.81783786935484,11.504834700967743,72998,17,2092.58
Cross-network,2024,August,25548,22844,0.8947032646451614,87.30707788096774,19.220842759354838,490354,192,33705.95
Direct,2024,August,235728,159322,0.7267724495483872,56.94525315935484,13.836736872451613,2761313,1891,370806.1
Organic Search,2024,August,210151,180295,0.8581433220645162,87.66745623193547,16.98443269870968,3573057,1802,272806.2
Organic Shopping,2024,August,7274,5777,0.7888339425806452,38.12481397129032,13.213872718225806,99127,37,4665.22
Organic Social,2024,August,4223,3467,0.831971078032258,59.3158823283871,15.85283787583871,64811,15,1943.33
Organic Video,2024,August,406,338,0.8336883857419355,76.58816127225808,19.007591821774195,7570,4,636.99
Paid Other,2024,August,1030,693,0.7379013668387097,41.09992175064516,10.576123023612904,9729,0,0.0
Paid Search,2024,August,119780,108339,0.9048045259677419,134.6644521967742,26.503895034193548,3171112,2245,407336.67
Paid Shopping,2024,August,7214,6332,0.8771386946129032,50.81261475580645,14.162297409354839,101822,21,1885.08
Cross-network,2024,September,26701,23816,0.8923241348666667,84.23907270166666,19.019858032000002,507580,209,38472.76
Direct,2024,September,127121,105132,0.8268913154333333,75.85104509333334,17.73517762233333,2252657,1650,295757.38
Organic Search,2024,September,189400,163067,0.8612431817,89.80323117933334,17.609207471666664,3338434,1439,233302.75
Organic Shopping,2024,September,4050,3455,0.8640307704333333,59.15305359566666,18.792365291333333,72475,50,6360.15
Organic Social,2024,September,4278,3608,0.8489784424333333,67.27409658933333,17.724342351,75218,16,2737.88
Organic Video,2024,September,397,338,0.8418389780333333,93.81936027966667,21.389897528333332,8502,3,255.5
Paid Other,2024,September,582,365,0.6894444902,48.10365595903333,11.397382671333332,6727,0,0.0
Paid Search,2024,September,122795,110911,0.9034158198666666,131.13970996999998,26.776884053666667,3289300,2096,369483.21
Paid Shopping,2024,September,8361,7335,0.8770427251,49.271786303,14.163852440333333,117690,23,2317.99
Cross-network,2024,October,48702,25626,0.5279102541290323,67.64133314096775,11.70563602516129,568130,365,59495.21
Direct,2024,October,162335,71173,0.43910748503225805,61.45219702,11.043531307741937,1791301,1756,321496.64
Organic Search,2024,October,261945,129516,0.49519443732258067,66.05014624870968,10.642413048,2784341,1574,253881.16999999998
Organic Shopping,2024,October,3888,1878,0.4813352380967742,53.11457186225807,11.507092926903226,44709,44,6296.02
Organic Social,2024,October,5233,2216,0.4271411779354839,44.91741598064517,10.218550077258064,53135,26,4395.33
Organic Video,2024,October,552,255,0.46726388932258067,67.75316131612904,11.833801836516129,6391,1,150.4
Paid Other,2024,October,2316,360,0.16616184277419355,16.758260530258067,5.079730352032258,11341,0,0.0
Paid Search,2024,October,165239,92366,0.5596471994193548,103.37179809870969,16.04232215548387,2648823,2357,414878.57
Paid Shopping,2024,October,1220,350,0.26461745329032255,22.68488019819355,6.439195020548388,7975,5,698.23
Cross-network,2024,November,46410,24052,0.5180071936,63.595533958333334,12.053924823,560112,394,59379.38
Direct,2024,November,195838,88285,0.45029087283333336,56.945508980666666,10.807719720266668,2122650,2296,380104.39
Organic Search,2024,November,267883,131496,0.4909627712666667,65.53452902400001,10.465932745066668,2804451,1641,249882.83000000002
Organic Shopping,2024,November,2905,1414,0.48607790630000003,57.439587444333334,12.6245731917,36716,38,5751.22
Organic Social,2024,November,7919,3768,0.44458993646666667,46.842859383666664,10.809285521366666,90924,58,9251.2
Organic Video,2024,November,421,170,0.4188471322333333,66.51317943016666,10.854677996,4541,2,308.74
Paid Other,2024,November,1300,267,0.19954418753333333,20.593233754133333,5.408465625366667,7039,2,332.5
Paid Search,2024,November,165796,92655,0.5589811762,99.28897793733333,16.169142071666666,2683188,2580,443259.38
Paid Shopping,2024,November,49,20,0.45,42.13636363636363,10.450000000000001,488,0,0.0
Cross-network,2024,December,51735,27148,0.5249671743548388,63.800353447096775,11.606046565483872,598730,426,64212.42
Direct,2024,December,194276,90305,0.4655101176451613,59.008568703225805,10.98321056948387,2130374,2238,378177.02
Organic Search,2024,December,268856,135021,0.5022060113548387,68.08163561806451,10.508879488064515,2827046,1799,284160.08
Organic Shopping,2024,December,2528,1227,0.4814767692580645,49.83437402516129,11.521685385451613,29371,33,5216.02
Organic Social,2024,December,6395,2595,0.4130374200322581,44.562631146774194,9.900783974967743,62114,22,3071.92
Organic Video,2024,December,437,227,0.5377552230645161,72.18213366087097,13.375080742741936,5732,2,185.0
Paid Other,2024,December,2056,314,0.16065613687096772,14.251703436645162,5.2462600035806455,10566,0,0.0
Paid Search,2024,December,160307,90710,0.5659501324193549,100.8937909667742,16.063933705483873,2577132,2449,444524.93
Paid Shopping,2024,December,694,208,0.2727531978076923,20.89918143846154,7.509889562115385,4982,1,87.5
Cross-network,2025,January,57045,30252,0.5303432016451614,64.71895157096775,11.582573380967743,659782,499,84894.22
Direct,2025,January,203758,95015,0.46680576322580647,61.273238591290315,10.939512491870968,2224909,2036,371156.18
Organic Search,2025,January,290721,146728,0.5048036196451613,67.68195757161291,10.399348081516129,3021496,1772,278235.31
Organic Shopping,2025,January,2695,1390,0.5127729422580645,68.5092954283871,13.008619001612903,35104,41,7350.71
Organic Social,2025,January,6137,2647,0.43252036287096773,56.28426078193549,9.709994361064515,59126,26,3625.54
Organic Video,2025,January,604,249,0.42151407287096776,57.79427579451613,10.289341628483871,6056,2,640.75
Paid Other,2025,January,1074,194,0.17374100183870966,17.38101904264516,4.9567501467419355,5492,0,0.0
Paid Search,2025,January,154916,87958,0.5679996504516128,101.36632203032258,15.737052161612903,2436787,2206,390464.37
Paid Shopping,2025,January,2043,594,0.28294976103225805,23.977371917935482,6.188489709290322,12927,15,2204.0
